"0","Event administration end plan","false","8"
"1","Drop use dream poor arm","false","1"
"2","Everyone official up material","true","1"
"3","Attention its game","false","1"
"4","Tonight yet most","true","8"
"5","Gas personal this","true","0"
"6","Figure customer top just","false","8"
"7","Performance policy debate","false","0"
"8","Later image meet","false","8"
"9","Low even investment cultural","true","1"
"10","That his hotel require","true","5"
"11","Amount maybe figure off","true","2"
"12","Surface necessary","false","6"
"13","Edge response cultural lot player","false","2"
"14","Than establish","false","3"
"15","Single produce if prove but","false","7"
"16","Program because account final","true","9"
"17","Congress help cut","true","2"
"18","Time page","true","4"
"19","Especially our impact","true","1"
"20","Feel Mrs","true","10"
"21","Red month truth follow","true","7"
"22","Look think off whatever","false","9"
"23","Leg sister oil blue whatever","true","9"
"24","Argue page","false","7"
"25","Agency above radio","true","7"
"26","Statement number everyone peace can","false","3"
"27","Seek consider","false","8"
"28","Receive hear argue","true","6"
"29","House himself feeling evening","true","6"
"30","True common share meeting half","false","0"
"31","Available produce majority","true","8"
"32","To miss","false","10"
"33","Civil moment","false","3"
"34","Car fear measure south","true","3"
"35","Young capital off tough","true","6"
"36","Federal few building result","false","6"
"37","Cell writer avoid","true","4"
"38","Fire space usually","true","8"
"39","Approach example short available","false","9"
"40","Herself new","true","9"
"41","Smile boy","true","6"
"42","Oil official station those fish","false","10"
"43","Make few","false","0"
"44","That about executive","true","10"
"45","Wife despite work","true","10"
"46","Language indeed bring","true","8"
"47","Color southern contain","true","7"
"48","Cultural at care share","true","6"
"49","Television money student","false","6"
"50","Nearly help them","true","9"
"51","Success list","true","5"
"52","Attention including everybody human","false","8"
"53","One arm fill","true","7"
"54","Student plan among","true","4"
"55","Successful upon TV police officer","true","9"
"56","Base arm computer","false","5"
"57","Back practice","false","5"
"58","Agent record structure one","false","2"
"59","Blue side speak TV","false","2"
"60","Her newspaper teacher section","false","3"
"61","Firm main successful challenge","false","5"
"62","Book camera open","true","10"
"63","Put same former picture","true","0"
"64","Head everything","true","6"
"65","Official attack better","false","9"
"66","Story stage","false","6"
"67","Guess owner on","true","8"
"68","Four free behind condition","true","3"
"69","Language clearly","true","5"
"70","Science door","true","8"
"71","Lose bank once ahead","false","1"
"72","Would lose","false","9"
"73","Everybody off special drop","false","3"
"74","Ability picture manager product shake","true","0"
"75","Compare guess","false","8"
"76","Similar identify","false","2"
"77","Letter at term spend","true","7"
"78","Stuff back anything leg","true","1"
"79","Check professional church nothing by","false","5"
"80","Business indeed pass bill","true","1"
"81","Leader management music","true","2"
"82","Body media discover easy","true","1"
"83","Traditional show","false","3"
"84","Box campaign difference system","false","1"
"85","Capital product open station check","true","7"
"86","Career various ready really","false","5"
"87","Environment including position","false","9"
"88","Rock use","false","2"
"89","Crime administration majority","false","7"
"90","Beyond road","true","9"
"91","Dream cover since various computer","false","1"
"92","Collection talk officer","false","6"
"93","Increase discuss no stock","true","1"
"94","Floor try indeed send","false","6"
"95","Huge allow example model","false","4"
"96","Majority past camera almost","true","6"
"97","Able discuss beyond","false","6"
"98","As receive difficult","true","1"
"99","Operation stay different down sit","true","3"
"100","At man candidate government","false","6"
"101","Theory let pattern part","true","6"
"102","Several president yard","true","9"
"103","Town question religious","false","3"
"104","Specific apply","false","5"
"105","Race street perform","true","10"
"106","Family along","true","6"
"107","Individual reach four brother other","true","10"
"108","Popular scientist any turn","true","2"
"109","Receive significant energy reduce","false","2"
"110","Between skill","true","4"
"111","Stage visit strategy","true","6"
"112","Doctor both change","true","7"
"113","Traditional person administration reflect","false","0"
"114","System effect force research","true","3"
"115","Say professional within allow","true","8"
"116","Sense painting at baby","false","0"
"117","Agree until thousand member","false","1"
"118","Street six price sort","false","2"
"119","Attention natural","false","9"
"120","Discover hour building spend","false","1"
"121","President night member herself partner","true","2"
"122","Smile kid society","true","3"
"123","Country cut environment edge","true","4"
"124","Long pattern catch woman raise","true","0"
"125","Away war word if","false","0"
"126","Key develop","true","6"
"127","Suddenly drop","true","8"
"128","Read reduce his science good","false","1"
"129","Smile they","true","3"
"130","Life fear boy role worry","true","10"
"131","American case power teacher","false","6"
"132","Let party explain big list","true","0"
"133","Stuff her","true","9"
"134","To such true entire","false","1"
"135","Top road season course","true","2"
"136","Why main wall grow","false","4"
"137","Seem yard foreign","true","5"
"138","Play design","false","6"
"139","Rule bag offer","false","9"
"140","Suddenly consumer history toward","true","9"
"141","Skill behind light","true","8"
"142","Remember they garden","false","6"
"143","Tax force order discover exactly","true","0"
"144","Staff style win","false","2"
"145","Though seat meet","true","2"
"146","Image among production old","false","1"
"147","Data newspaper I","true","8"
"148","Hear party sure","false","4"
"149","Pretty admit alone option","false","3"
"150","Watch see seek","false","2"
"151","North throughout little","true","4"
"152","Decade difficult gun","true","0"
"153","Feeling out Mrs nearly way","false","1"
"154","Score general","true","10"
"155","Design rise","false","0"
"156","Wife run behavior recently","true","5"
"157","Huge add half up","false","5"
"158","Face pay customer development painting","true","5"
"159","South detail include","false","5"
"160","Run manager cell away mind","false","3"
"161","Food base sure beautiful","false","3"
"162","Class door believe","false","4"
"163","Night skill","false","9"
"164","Skin single at right together","true","10"
"165","Professor past","true","6"
"166","Expert something world main","true","4"
"167","Sure late","false","7"
"168","Whether operation necessary some color","true","6"
"169","Three prepare","true","10"
"170","Many Mr","false","5"
"171","Picture run quite since","false","3"
"172","Send state","false","1"
"173","Kitchen carry movement","false","10"
"174","Possible line","true","6"
"175","Letter stop foreign","false","0"
"176","Example research professional sometimes still","true","9"
"177","Your education century","false","7"
"178","Over federal management car","true","0"
"179","Improve culture represent","true","8"
"180","Explain move parent","true","9"
"181","Special cell save bank","true","9"
"182","Ok something not better","false","10"
"183","Manager pass arm couple building","true","2"
"184","Fund agreement relate decision","true","1"
"185","Great too song","true","10"
"186","Bad say event number local","true","5"
"187","Whether middle","true","8"
"188","By term quality","false","2"
"189","Explain say arrive","true","2"
"190","Recognize she father despite","true","2"
"191","Radio ago such","true","6"
"192","When then","true","5"
"193","Whole building newspaper candidate","false","7"
"194","Nice stock success","false","6"
"195","Free green name list lay","false","9"
"196","However certainly detail cultural","true","0"
"197","So level rule stuff","false","9"
"198","Country different prepare","true","1"
"199","Catch huge","true","6"
"200","Life song somebody","false","9"
"201","Should cost doctor would natural","false","0"
"202","Art poor","false","1"
"203","Hear hospital effort store","true","9"
"204","Many product","false","10"
"205","Money everything represent","true","6"
"206","Walk up attorney onto wrong","false","7"
"207","Despite late collection","true","2"
"208","Role agency lose sing","true","9"
"209","Trouble individual recognize","false","0"
"210","Water Democrat owner authority","false","0"
"211","Oil college low fact nature","true","10"
"212","Administration culture generation argue well","false","9"
"213","Response fly","false","5"
"214","Own key newspaper","false","0"
"215","Half indicate present possible","true","2"
"216","Natural road last sign","false","8"
"217","Situation west remain","false","5"
"218","Table lay","false","8"
"219","Wife attack","true","1"
"220","Hot role me","true","5"
"221","Provide old clearly","true","2"
"222","Control cost of","true","9"
"223","For force mention","true","10"
"224","First street today hospital lead","true","2"
"225","Show church such","false","7"
"226","Dream last within","true","4"
"227","Media bed win","false","3"
"228","Enjoy from tonight","true","1"
"229","Represent who","true","9"
"230","Human eat guess","true","1"
"231","Soon risk my others order","true","7"
"232","Audience school","true","0"
"233","Suffer process radio something","false","1"
"234","Certain country","true","10"
"235","Shake special current each","true","3"
"236","Crime son yes","true","3"
"237","Life prove movement","false","7"
"238","Tend society cold economy","false","8"
"239","Tell war conference","true","7"
"240","Manage president call","false","5"
"241","Couple environment citizen size","true","7"
"242","Letter fast yes ground everything","true","3"
"243","Tree choice","false","1"
"244","Our view","false","4"
"245","Nearly play success role partner","false","6"
"246","Safe sell present community","true","7"
"247","Best skin","false","2"
"248","Whether issue story","true","6"
"249","Tax appear moment","true","1"
"250","Important second computer cold event","false","3"
"251","Common treat stay","false","1"
"252","Computer subject firm","true","10"
"253","In decade explain security light","true","9"
"254","Medical ball too","false","0"
"255","Ready foreign whose","false","10"
"256","Whose result determine Republican","false","2"
"257","Seven happen author civil","true","10"
"258","Page discover raise and","true","3"
"259","Heavy degree wonder","false","3"
"260","Hospital account mean","true","1"
"261","Road north speech reason","false","0"
"262","Election line meet","true","5"
"263","Task mention author risk million","false","10"
"264","Minute dinner at hold","false","8"
"265","The partner positive","true","10"
"266","Seat sister","true","4"
"267","Force hour","false","2"
"268","Class at","false","8"
"269","Nor political whose future","true","2"
"270","Stage Congress","true","5"
"271","Marriage nation way","false","9"
"272","As enter camera","true","4"
"273","Lose organization","false","8"
"274","Rate wife again significant share","false","4"
"275","Feel huge","false","1"
"276","East choice mind","true","6"
"277","Floor east expect he","true","1"
"278","Later doctor nothing chance","true","5"
"279","Do professor drive team into","true","5"
"280","Trade article head beyond","true","9"
"281","Fact sense","true","0"
"282","Hot stand nature high","true","6"
"283","State certainly","false","10"
"284","Affect significant entire","true","9"
"285","Executive road us","true","6"
"286","Attention himself sign","true","0"
"287","Enjoy than occur occur","false","1"
"288","Item debate him alone","true","6"
"289","Mean performance act across expert","true","0"
"290","Book wonder development","true","4"
"291","Happen study word public grow","true","0"
"292","Painting environmental","false","6"
"293","Pretty knowledge human feel they","true","4"
"294","Significant form left land","false","2"
"295","Unit similar far couple","false","2"
"296","That set accept city","true","7"
"297","Score however reach serve","true","8"
"298","Mr effect","false","2"
"299","Foreign risk key positive","true","10"
"300","Write amount identify bit","true","10"
"301","Industry interview","false","6"
"302","How interest oil","true","5"
"303","Himself idea behind","true","5"
"304","Majority help","false","8"
"305","Itself later for today","true","10"
"306","Near discuss pressure computer him","false","2"
"307","Theory save home","true","2"
"308","Clear born","false","5"
"309","Community ball of instead","false","2"
"310","Might here control major hope","false","2"
"311","Responsibility these star boy","false","7"
"312","Interest few catch movie young","true","4"
"313","Along sure edge arrive table","true","9"
"314","Nothing analysis since response citizen","true","3"
"315","Floor employee drug type","false","1"
"316","Organization cost fire","false","10"
"317","Recently site bed","false","0"
"318","Usually factor level best yes","false","7"
"319","Admit improve","true","0"
"320","How white visit","true","5"
"321","Morning movement stay skill cell","false","0"
"322","Democrat here ever would reveal","true","10"
"323","Management before agent ok","true","5"
"324","Simply less campaign sit","false","2"
"325","Since within","false","0"
"326","May race live near center","true","2"
"327","Will speak or activity","true","1"
"328","Region happen weight woman","true","8"
"329","Event organization top through","false","1"
"330","Value two","false","6"
"331","Issue new","true","4"
"332","Travel soldier strong charge director","true","1"
"333","Read painting range sit today","true","3"
"334","Give two dog","false","5"
"335","Know laugh laugh administration main","false","6"
"336","Begin hair drive difference experience","false","9"
"337","Arrive know contain economic","false","5"
"338","Piece value education student","false","8"
"339","Peace seven full these","true","0"
"340","Street director peace","true","2"
"341","Main garden","false","5"
"342","Listen field rise alone","true","0"
"343","For natural we provide","false","6"
"344","House prevent check","true","2"
"345","Style human western role modern","true","4"
"346","Impact explain civil positive","true","5"
"347","Finally effort skill assume","false","1"
"348","Rate decision","true","3"
"349","Base establish people treatment","false","0"
"350","Defense live center friend","false","5"
"351","Same practice four stay","true","8"
"352","Miss door commercial how another","false","4"
"353","Down anyone in arm","true","6"
"354","Reveal after determine population","true","1"
"355","Green role","true","1"
"356","Continue certain drive public food","false","1"
"357","Should notice market","true","1"
"358","Easy finally contain list","true","7"
"359","Program space high about wish","false","8"
"360","Exactly standard big affect consider","false","2"
"361","Group example although","false","8"
"362","Add service","true","3"
"363","Will way ground","true","0"
"364","Number brother necessary","true","10"
"365","Need friend do among themselves","true","4"
"366","List she thing west","false","6"
"367","Bar military manage","true","8"
"368","Between though","true","0"
"369","Young current education find listen","false","4"
"370","Stage hope action","false","3"
"371","Always how","false","8"
"372","Value occur leg first","true","10"
"373","Decide short","true","8"
"374","Full church seek charge","false","3"
"375","Since go into hand","false","5"
"376","Action your","false","10"
"377","Pm source clear dog fast","true","9"
"378","List someone","false","4"
"379","Join goal test animal","false","1"
"380","Support peace glass Mr my","false","9"
"381","Attack same base","false","7"
"382","Cold firm push","false","9"
"383","Dinner hundred doctor","true","0"
"384","Rather bank","true","7"
"385","Recently would own","false","2"
"386","This will","false","4"
"387","Wonder low public president cut","true","6"
"388","Environmental nation","false","3"
"389","Shoulder blood left","true","9"
"390","Decision plant audience owner ok","true","5"
"391","Red speak agency class campaign","true","0"
"392","Those rise this network","true","3"
"393","Participant hope","false","9"
"394","State building reduce pass","false","0"
"395","Buy adult enter","false","1"
"396","Seven west beyond toward plant","false","3"
"397","State early","false","3"
"398","Work buy college next","false","9"
"399","Impact agreement","true","2"
"400","Bring matter lay fish either","true","3"
"401","Include forward of stock life","true","6"
"402","This story room recognize","false","3"
"403","Reveal walk","false","2"
"404","Side drive","false","8"
"405","Indeed top west","false","6"
"406","Close now yet thing","true","9"
"407","Computer bank anyone","false","8"
"408","Around animal skin","false","10"
"409","Affect pull thing consider region","false","10"
"410","Nor energy eye week","true","10"
"411","Pressure him professional book","false","0"
"412","Feeling next show agreement","true","3"
"413","Source court relationship campaign","false","0"
"414","Ever many amount","false","6"
"415","Federal only easy though meeting","true","8"
"416","Compare kid themselves road","false","5"
"417","Hair follow time set nor","true","6"
"418","Key do","false","6"
"419","How ok produce","true","9"
"420","Toward benefit key movement","false","4"
"421","Hundred pressure","false","5"
"422","Various part","false","5"
"423","Medical account","true","8"
"424","Agree sit night do","false","8"
"425","Add standard","false","6"
"426","Mission scene decision affect","true","7"
"427","Lot project hundred behind","true","9"
"428","Road last","true","5"
"429","Cell edge three","false","0"
"430","Door its","false","9"
"431","Animal task language at","false","6"
"432","Service commercial generation","true","1"
"433","Feeling inside decision term","true","3"
"434","Agree great","false","9"
"435","Which total action","true","2"
"436","Experience artist everyone white staff","false","1"
"437","Seven heavy music time option","false","1"
"438","Clear film often realize account","false","10"
"439","Down cold indicate there character","true","9"
"440","Good much spend off","false","2"
"441","Region rise","false","6"
"442","Score share push kid","true","5"
"443","Data wife send recognize","true","10"
"444","Head medical usually east chance","false","1"
"445","Machine could suddenly take","false","9"
"446","American resource computer","false","1"
"447","Score within occur concern happen","true","2"
"448","Much authority shake also","false","0"
"449","Yet option my serve","true","8"
"450","Teacher medical hit idea safe","true","10"
"451","Provide medical hour reveal","false","8"
"452","Perhaps his already doctor fact","false","7"
"453","Including box improve factor","true","0"
"454","Source site identify Mr politics","true","5"
"455","Total then action laugh","true","0"
"456","Movie perform much","true","8"
"457","Major meet southern","true","1"
"458","Senior rise direction","false","3"
"459","Leader half find purpose","true","4"
"460","Energy hundred low south owner","false","5"
"461","Nothing author sign soon particular","true","4"
"462","Return ever","true","1"
"463","Last simply dark","false","4"
"464","Significant card coach explain","true","0"
"465","Everyone represent tonight although middle","false","8"
"466","Create themselves","false","6"
"467","Event time you man","false","9"
"468","Consumer pattern above throw","false","2"
"469","Young significant","true","2"
"470","Someone boy explain especially tell","false","3"
"471","Candidate officer rate detail voice","false","9"
"472","Lose health worker ready","false","8"
"473","Film pay","false","0"
"474","Move tonight","true","0"
"475","Scientist let look sister gas","false","7"
"476","Force wide house water rock","false","9"
"477","Data tend name effect lot","false","9"
"478","Increase next natural range","false","7"
"479","Officer election","false","3"
"480","Wish offer difficult","true","9"
"481","Adult size field","false","5"
"482","About employee why","true","5"
"483","Carry foot","true","0"
"484","Skin him way","false","8"
"485","Policy bring address where","false","5"
"486","Next enter spring","false","9"
"487","Memory run any through","true","5"
"488","Long sea teacher","true","5"
"489","Make economy today few of","false","8"
"490","Season behavior carry education room","false","4"
"491","Avoid cup","false","2"
"492","Station theory stop","true","8"
"493","Say us","false","0"
"494","Program food center move lay","true","3"
"495","Against city write both","false","6"
"496","Six alone","true","3"
"497","Police may","false","0"
"498","Political research ground economic pay","true","1"
"499","Value analysis prepare institution","true","3"
"500","Tend loss term","false","10"
"501","Material week market moment","false","6"
"502","Partner vote out","false","4"
"503","Stock play","true","0"
"504","Table personal","false","2"
"505","People meeting","true","7"
"506","Soon hand","false","7"
"507","West method very","false","9"
"508","Long policy not style","false","0"
"509","Employee better wall","false","8"
"510","Fact heart particularly night","true","10"
"511","Push story","false","0"
"512","Paper discover place group","false","1"
"513","Grow coach","true","5"
"514","Allow mission sea","false","1"
"515","Let save much force team","true","0"
"516","Senior former less understand","true","3"
"517","Place million well health","false","5"
"518","Much more federal suffer rich","false","10"
"519","Prepare evidence certain","false","1"
"520","Will much address","true","0"
"521","Point already world specific","false","8"
"522","Environment likely rate than what","true","3"
"523","Various second report certain","false","0"
"524","Bring notice outside west","true","2"
"525","College country peace","true","3"
"526","True let tough collection","false","6"
"527","Project oil","false","7"
"528","Others between poor sister study","false","10"
"529","Carry experience budget bit","true","9"
"530","Board reflect wear","true","2"
"531","Economic option feel fill about","true","3"
"532","Leg become television matter","false","4"
"533","Part area fire","false","2"
"534","Sing quality relationship","true","3"
"535","Air collection work sign","true","9"
"536","Really available public begin wear","true","10"
"537","Energy raise when training","false","2"
"538","Dark family thousand through","true","0"
"539","Let decision","false","0"
"540","We Mr","true","5"
"541","Development manage available health","false","6"
"542","Drop series middle thank","false","6"
"543","Partner kid network","false","10"
"544","Hand speech green camera","true","4"
"545","Bit apply modern","false","9"
"546","Community close simple drug","false","0"
"547","Because door teacher hold","false","3"
"548","Suffer child four","false","8"
"549","Give finish citizen hope","false","5"
"550","Control their young although end","true","0"
"551","Little unit direction dream candidate","true","10"
"552","Remain recognize anyone","true","8"
"553","Political though side than tonight","true","1"
"554","Party eat court strategy","true","1"
"555","Cold near","false","6"
"556","Represent central feel right","false","7"
"557","Who strategy owner","false","10"
"558","Need media first","false","8"
"559","Since whole staff land onto","true","6"
"560","Catch parent seem against popular","true","3"
"561","Serious method contain direction set","false","5"
"562","Yet meeting outside","true","5"
"563","Office myself himself","true","3"
"564","Live final","false","10"
"565","It improve clearly","false","9"
"566","Letter direction","false","9"
"567","Can station human","true","6"
"568","Say detail my","false","2"
"569","Like occur","true","7"
"570","Put method job","true","8"
"571","Stand friend","false","1"
"572","Else glass city","true","2"
"573","Point prove improve","true","0"
"574","Teach free beyond pay","true","2"
"575","Simple around million","true","10"
"576","Practice church act","false","9"
"577","Cause father vote","true","9"
"578","American owner while forget","false","7"
"579","Wait may enter","false","1"
"580","Leg face","true","4"
"581","Type feeling grow his","true","2"
"582","Note and star","false","5"
"583","It together police","true","2"
"584","Sister drug yeah unit","true","3"
"585","Likely easy pressure forget","false","9"
"586","They tell choose","false","0"
"587","Film benefit attention myself","true","2"
"588","Yet paper official our","true","6"
"589","Rule protect lay style","true","8"
"590","Rock short hard","false","9"
"591","List bit positive","true","8"
"592","Movie section us moment world","false","8"
"593","Finish network today story yard","false","7"
"594","Imagine rate animal","true","2"
"595","Coach site in reality","true","4"
"596","Certainly decision lay","false","10"
"597","American wrong president","false","0"
"598","Any night raise those three","true","1"
"599","Executive door benefit include","false","4"
"600","Chair around season","true","8"
"601","Ask head rate support fall","true","3"
"602","Almost realize whom picture","false","7"
"603","Tv spend girl trade audience","true","9"
"604","Myself street scientist window program","true","6"
"605","Hotel expert professional school","true","0"
"606","Team grow which","true","10"
"607","To point threat","true","1"
"608","Yes report","true","1"
"609","Including other","true","2"
"610","Other discuss light","false","5"
"611","He probably doctor mean","true","10"
"612","Democratic pay better together","true","9"
"613","Big treatment","false","8"
"614","Imagine performance","false","4"
"615","Prevent tonight score","true","9"
"616","Along sure yet language","false","10"
"617","Inside especially family","true","5"
"618","She event majority painting nothing","false","1"
"619","Evidence sell","false","5"
"620","Behavior particular loss","true","5"
"621","Probably course catch degree body","false","7"
"622","Line employee recognize","true","3"
"623","During party production","true","10"
"624","Fact matter industry thought","false","3"
"625","Bank simply teach garden","true","0"
"626","Wind suffer eye","true","8"
"627","Blue style much boy","true","9"
"628","Fill good put although woman","false","7"
"629","Individual enjoy outside","false","2"
"630","Subject space analysis","false","9"
"631","Idea my","true","4"
"632","Alone meeting nice","false","4"
"633","Manager against may factor nation","true","4"
"634","Kid teacher response actually","false","0"
"635","Process until brother strong","false","2"
"636","Improve improve","true","5"
"637","To plant candidate","true","9"
"638","Discover significant show","true","0"
"639","Into notice","false","3"
"640","Art against PM","true","5"
"641","Green somebody for sound medical","true","4"
"642","Spring remember try","false","5"
"643","Sound no answer increase","true","2"
"644","Traditional perform scene","false","8"
"645","Break management","true","9"
"646","Wear fire maintain pretty","true","7"
"647","Nice new mother","true","8"
"648","Picture man believe","true","10"
"649","Which deal thing","true","8"
"650","Often reflect lead continue","true","10"
"651","Notice key watch their money","true","0"
"652","Upon someone pick agree we","true","2"
"653","Remember fact","false","3"
"654","Lot sit","true","8"
"655","Fire growth onto up","false","0"
"656","Safe voice deal campaign","true","8"
"657","Visit site","false","2"
"658","Everybody effect pick system herself","false","5"
"659","Yourself school true","true","6"
"660","Each must of","false","8"
"661","Before throughout agent","false","7"
"662","Continue training site","false","8"
"663","Doctor job","false","0"
"664","Account real physical development training","false","3"
"665","Team likely","true","4"
"666","Four develop according","false","7"
"667","Heart force west billion","false","7"
"668","Key play best capital into","true","1"
"669","Market necessary open pretty","true","1"
"670","Program possible performance","true","2"
"671","Parent source","false","8"
"672","South will tend discover","true","7"
"673","Pay size economic on","true","10"
"674","Help with place break","true","3"
"675","Western join view conference","true","7"
"676","Form maintain","false","8"
"677","Recognize between","false","10"
"678","Project enough realize camera","false","5"
"679","Foreign former","false","3"
"680","The good","true","5"
"681","We room","true","6"
"682","They serve senior","true","10"
"683","Expert section weight herself","true","6"
"684","Anyone sure type stop sister","false","4"
"685","Decision important","false","5"
"686","Language at sense","false","8"
"687","Night bank resource","true","7"
"688","American to","true","1"
"689","Fall yes nice share","false","0"
"690","Adult Democrat","false","6"
"691","Against probably drug","false","7"
"692","Mind or picture draw","true","10"
"693","Friend specific various ready teach","true","10"
"694","Show former","true","7"
"695","Music reduce you military senior","true","1"
"696","Base international admit moment such","true","3"
"697","Ten agent","false","7"
"698","Program important else agreement sister","false","4"
"699","Moment many important to","true","4"
"700","Ground window organization such","false","3"
"701","Brother ago","true","5"
"702","Run white nearly family responsibility","false","7"
"703","Ago media building physical","true","9"
"704","Have free argue yeah feeling","true","4"
"705","Subject from own very","true","9"
"706","Analysis turn natural may government","true","10"
"707","Laugh indeed network moment yard","true","2"
"708","Peace probably interesting above","false","0"
"709","Seem significant return forward","false","1"
"710","While together church enough machine","false","4"
"711","Radio son girl real","false","5"
"712","Both material wrong camera","false","9"
"713","Human toward something","true","6"
"714","Rich trouble strategy also","true","0"
"715","Myself show draw stuff","true","0"
"716","Close hard mention explain","false","6"
"717","Action social become fish child","false","1"
"718","Value radio decide","true","8"
"719","Check spring","true","3"
"720","Born upon","true","3"
"721","Find peace north that official","false","2"
"722","Administration forward unit","true","7"
"723","Assume lead alone create","true","7"
"724","Boy report meeting","true","1"
"725","Begin how cell","false","3"
"726","Budget stage","true","4"
"727","Son hospital reason six themselves","true","3"
"728","Stand operation newspaper","true","4"
"729","Student later have population take","false","10"
"730","Heart own whose risk","false","10"
"731","Gun exist national black","false","2"
"732","Rock popular area group go","true","0"
"733","Mother simple car responsibility item","false","2"
"734","Prove pattern","false","7"
"735","Writer point","true","8"
"736","Budget action this radio","true","9"
"737","Reality everyone laugh produce","false","5"
"738","Deep street give already","false","7"
"739","Cup order live process let","true","9"
"740","Never star number nearly","true","1"
"741","By push wish baby","true","3"
"742","Reason season my like meeting","false","1"
"743","Current bed building thus","true","7"
"744","Seem south car","false","8"
"745","Reach couple school","true","10"
"746","Finally young","false","3"
"747","Military dark half here","false","8"
"748","Catch work themselves point fight","false","2"
"749","Ever blood century","false","1"
"750","Two help control","false","9"
"751","Amount guess safe","true","4"
"752","Fly out think responsibility","true","10"
"753","Red could","false","9"
"754","Hotel assume become reduce","true","1"
"755","Imagine defense television","false","3"
"756","Director sure","true","6"
"757","Apply great attorney","false","10"
"758","Important sport","false","5"
"759","Head you reason buy","true","9"
"760","Which play down figure effect","true","7"
"761","Case whether notice live figure","true","1"
"762","Write cover drug","false","9"
"763","Process within toward","true","8"
"764","Late guess stand increase hold","true","0"
"765","Through foot street","false","6"
"766","Teacher administration run allow","false","5"
"767","Quickly this line","true","8"
"768","Station your successful","true","1"
"769","Possible no indicate if","true","4"
"770","Politics evidence","true","10"
"771","Compare only coach","false","5"
"772","Tv consider future couple","false","7"
"773","This eat expert produce fish","false","9"
"774","Whose contain voice","false","10"
"775","Later general fact which who","false","1"
"776","Story parent one","false","2"
"777","Last collection other rest","true","9"
"778","Idea not treat","true","10"
"779","Least suddenly son","false","1"
"780","Occur forward decision break security","true","2"
"781","Daughter car speak sense","true","2"
"782","Ground toward those rather","false","0"
"783","Security establish sure","true","4"
"784","Yet message agent","false","6"
"785","Arrive court fund food treatment","false","1"
"786","Behavior for when generation care","false","9"
"787","Unit smile talk somebody","true","4"
"788","Provide moment","false","0"
"789","North big sign exactly","false","9"
"790","Record billion today receive family","true","10"
"791","Respond make rather from","true","3"
"792","Course sit owner author","true","6"
"793","Speech discussion manage identify man","true","9"
"794","Common modern story have","false","10"
"795","Worry remember teacher","true","5"
"796","Amount either sometimes sign","true","9"
"797","History their value","true","4"
"798","Week seat hundred","true","7"
"799","Without article debate color perhaps","false","2"
"800","Age list newspaper","false","8"
"801","Onto generation small something","false","1"
"802","Turn war son thus","false","6"
"803","Cause hospital involve home along","false","3"
"804","Organization few","false","3"
"805","Chair wife nor","false","1"
"806","I remain","false","0"
"807","Window activity article act have","false","2"
"808","Stay big various","false","10"
"809","Key forget century you","false","10"
"810","Show especially","false","0"
"811","Difference site personal buy","false","9"
"812","Certain at wrong","false","9"
"813","Real according","true","3"
"814","Call ball","true","9"
"815","List Mrs indicate leg kind","false","3"
"816","Rather physical the foreign","false","7"
"817","Approach talk wear half","false","7"
"818","Weight phone rise","true","4"
"819","Always size friend","false","8"
"820","Clear understand director","true","6"
"821","Energy government could","true","3"
"822","Day which worry century choice","true","6"
"823","Investment who two art machine","true","5"
"824","Information yet","true","9"
"825","Threat foot economic shake stage","true","0"
"826","Then research","false","6"
"827","Behind against someone structure","false","5"
"828","Own have bill song federal","true","6"
"829","Moment bill research price political","true","0"
"830","At build read area","false","1"
"831","Night else big","false","5"
"832","Guy try nature soon","true","10"
"833","Lay level smile suffer","false","9"
"834","Sure campaign","true","8"
"835","Stop open describe practice","false","5"
"836","Player challenge mean","false","2"
"837","Whatever break","true","4"
"838","Scientist challenge visit ahead same","true","1"
"839","Kid amount","false","4"
"840","Answer notice high there","true","9"
"841","Available yourself station","true","7"
"842","Speech public less","false","2"
"843","Nothing some current group","false","0"
"844","Court environment better serve","false","1"
"845","Money individual house","true","8"
"846","Town account top second up","false","0"
"847","Seat song performance should","true","1"
"848","Remember do half fall subject","true","7"
"849","Health begin cover","true","5"
"850","Matter major maybe","true","10"
"851","Enjoy church commercial down","true","6"
"852","Business health policy community option","false","6"
"853","Able poor cold letter","true","10"
"854","Report professional commercial","true","0"
"855","Debate true bank","false","7"
"856","Popular blood present nor into","true","10"
"857","Crime rest network","true","0"
"858","Number lawyer story think share","false","1"
"859","Movement six artist","true","1"
"860","Play study company question","false","0"
"861","Pull interview soldier down concern","false","4"
"862","These off partner conference claim","true","3"
"863","Street sometimes need","false","2"
"864","House speak often site","true","8"
"865","Everyone change fall","false","0"
"866","Case north","true","1"
"867","Year board","true","0"
"868","Policy kitchen effort blood","true","2"
"869","Real home accept Democrat","false","8"
"870","Exactly visit culture character","true","4"
"871","Tree surface let","false","3"
"872","Himself other sit","true","3"
"873","International traditional owner even","false","10"
"874","Statement figure record","false","7"
"875","Couple of different","true","6"
"876","Find before test adult growth","true","1"
"877","Conference politics support tell","true","4"
"878","Industry provide job too shake","true","8"
"879","Open address red this","false","9"
"880","Wish list traditional","true","3"
"881","Student half news because science","false","6"
"882","Open learn ago become","false","10"
"883","Cup threat morning","false","9"
"884","Machine population minute day available","true","7"
"885","Difference treat","false","5"
"886","Oil identify customer","true","1"
"887","Save decade them","true","3"
"888","Mrs issue different","false","1"
"889","Phone physical stage","true","10"
"890","Season set consumer","true","3"
"891","Lead role yard majority","true","4"
"892","Send management past fine","true","9"
"893","Conference by good","false","6"
"894","Window public network image past","false","0"
"895","Enjoy four","false","9"
"896","Think technology stay general","false","9"
"897","Bar condition choose easy","true","8"
"898","Put eat listen action fall","true","0"
"899","Mouth wait black husband","true","7"
"900","Not finally always action","true","2"
"901","Side today enjoy","false","6"
"902","As interesting","false","3"
"903","Fill teacher available","false","8"
"904","Girl experience","false","0"
"905","One role best ago","false","8"
"906","Phone responsibility about","false","9"
"907","Small control business page modern","false","4"
"908","Born down","false","9"
"909","History girl","false","8"
"910","Near month responsibility","false","2"
"911","Local size store table","false","7"
"912","Few executive approach","true","9"
"913","Theory front others","true","4"
"914","Last central","false","9"
"915","Rest memory","true","6"
"916","Wind law there treatment couple","false","5"
"917","Yes open toward natural out","false","5"
"918","Usually worry","true","1"
"919","Whole down add participant","true","9"
"920","Word Congress real bad","false","6"
"921","Plan billion agreement more","false","7"
"922","Begin career","true","6"
"923","Smile certainly matter","false","6"
"924","Notice government citizen away","false","5"
"925","Assume attention physical until","false","2"
"926","Cultural response quality improve power","false","8"
"927","Create close","true","1"
"928","Point social guess open","true","1"
"929","Part us will","true","2"
"930","Defense would","false","2"
"931","Drop now usually probably","false","1"
"932","Heart often","true","0"
"933","Painting learn shoulder green itself","false","8"
"934","Animal affect her democratic radio","true","10"
"935","Office explain realize animal back","true","6"
"936","From fund","false","7"
"937","News room","false","8"
"938","Future pay car character","false","5"
"939","Inside firm sea","false","2"
"940","He culture management student decade","true","5"
"941","Save necessary officer bed cost","false","3"
"942","Down body","true","0"
"943","Like affect weight center","true","7"
"944","One move everyone","true","8"
"945","Response already","true","1"
"946","Strong city picture","true","8"
"947","Board whether since yeah she","false","3"
"948","Cut but fish red budget","false","1"
"949","Simple ready message","true","3"
"950","Consider song glass","true","0"
"951","Require job everyone many","false","6"
"952","Bar near","true","3"
"953","Most over","true","1"
"954","Happy than live him","false","3"
"955","Too response system laugh decision","false","10"
"956","Less along woman affect","false","8"
"957","Pay institution who","true","4"
"958","Develop hand good","false","7"
"959","Material interesting away","false","2"
"960","Set everybody check off everyone","false","3"
"961","Until score effort family","true","0"
"962","Worry white listen apply hundred","true","0"
"963","Available result","false","0"
"964","Reach there mother science","false","3"
"965","Try choose middle six","true","4"
"966","Government money","false","3"
"967","Say inside science hundred","false","1"
"968","Special lead he late","true","9"
"969","Join lead","false","4"
"970","Lose environmental different","true","10"
"971","Child pressure information country","false","7"
"972","Long reduce sense president","true","0"
"973","Fill city","true","10"
"974","Check lot goal within measure","true","7"
"975","With a","true","9"
"976","Radio ask politics assume","true","2"
"977","Race allow oil there piece","true","10"
"978","Change strong","true","4"
"979","Successful property","false","4"
"980","Participant each without compare national","false","8"
"981","Describe key nice agent sign","false","2"
"982","Indicate itself","true","4"
"983","Sit rock cut","false","2"
"984","Partner edge","false","3"
"985","Player report author","true","5"
"986","Mouth five","true","7"
"987","Respond stay I","false","1"
"988","School end","true","9"
"989","Drive pull lawyer produce","true","10"
"990","Film many school risk","true","0"
"991","Future appear","false","7"
"992","Ball add","true","2"
"993","Reduce society picture war","true","5"
"994","Generation wish away national present","true","6"
"995","Already act your","true","6"
"996","Me imagine summer summer consider","false","0"
"997","Billion big fund forget","true","2"
"998","Fear newspaper maybe","false","1"
"999","Action lawyer she enough","true","4"
"1000","Guess lay that","false","2"
"1001","Reality forward","false","8"
"1002","Conference notice resource","true","2"
"1003","White go simply find","true","5"
"1004","Once team other","true","4"
"1005","Expect our strong inside","true","6"
"1006","Seek how dark begin movie","true","10"
"1007","Hope effect","true","5"
"1008","Right administration from adult","false","8"
"1009","Ago note true stuff decision","true","8"
"1010","Listen expect anything view","true","7"
"1011","Us skin speak collection modern","false","4"
"1012","Price reveal","false","6"
"1013","Her east light","false","8"
"1014","Him those beautiful address","true","9"
"1015","Fight onto door one hour","false","3"
"1016","Board so trade","true","2"
"1017","Exactly former hour recognize","false","2"
"1018","Matter consider professional anything ground","false","4"
"1019","Responsibility when","true","5"
"1020","Stay can public someone trial","false","0"
"1021","Much himself process","false","7"
"1022","Same foot list","true","9"
"1023","Book maybe guess","false","8"
"1024","Cost already up choice pretty","false","5"
"1025","Rest involve control explain","false","7"
"1026","Tough move so compare sign","false","5"
"1027","Yourself not","false","5"
"1028","Read give because catch goal","false","5"
"1029","Hospital control law","false","3"
"1030","Pass minute name star","true","7"
"1031","Political system group","true","7"
"1032","Answer there as down","true","2"
"1033","Natural month account control","true","2"
"1034","True stand as","true","1"
"1035","System television","false","10"
"1036","Environmental weight increase","true","4"
"1037","Still education who","false","1"
"1038","Think whose","false","10"
"1039","Business language out myself","false","10"
"1040","Fill class center","true","3"
"1041","Information get shoulder","true","3"
"1042","Often vote then firm write","false","0"
"1043","It as understand office thing","true","7"
"1044","That they work","true","2"
"1045","It produce","false","1"
"1046","Indeed end country dinner son","false","7"
"1047","Large indeed week","true","4"
"1048","Method health","true","6"
"1049","Wife gun reason against","true","5"
"1050","Manage walk","true","1"
"1051","Fund seven","true","10"
"1052","Idea to","false","10"
"1053","Activity so account","false","9"
"1054","Attack total","true","9"
"1055","Suffer know court recent long","false","4"
"1056","Mouth prove foreign local","false","8"
"1057","Guess politics","false","7"
"1058","Move raise character","false","8"
"1059","Dinner morning","false","9"
"1060","Peace finish science defense","false","1"
"1061","Else face whose surface around","false","1"
"1062","North building front return draw","false","0"
"1063","Treatment go","true","6"
"1064","Tv all weight each agreement","true","1"
"1065","Another game figure","true","6"
"1066","Against resource imagine","false","4"
"1067","Per heavy something","false","7"
"1068","Look subject","false","3"
"1069","Drive ago","true","5"
"1070","Name mean since matter hear","true","5"
"1071","Read party worry","false","9"
"1072","Forward carry effect Republican hold","true","6"
"1073","Account want indeed article","true","10"
"1074","Early common","false","5"
"1075","Nation car","false","0"
"1076","Seem fly somebody pretty","true","8"
"1077","About sense day after","true","4"
"1078","Civil control outside","true","6"
"1079","Upon community late should first","true","0"
"1080","Experience Republican something let","true","10"
"1081","Few space new possible technology","false","8"
"1082","Much find site general","false","0"
"1083","Sport reflect go someone","true","5"
"1084","Marriage often marriage sell under","true","0"
"1085","Let hit turn","true","1"
"1086","Foreign benefit authority","true","6"
"1087","Someone customer animal must","true","1"
"1088","Us box","true","9"
"1089","World decade spring national","true","8"
"1090","Task always seat","false","9"
"1091","Many minute face any","false","7"
"1092","Reduce yourself democratic turn","false","0"
"1093","Tough score","true","0"
"1094","Back none","true","10"
"1095","Computer food others show draw","true","5"
"1096","Candidate goal just gun","true","0"
"1097","Authority network","true","2"
"1098","Section name little","false","6"
"1099","Deal size sister","true","2"
"1100","News instead","false","5"
"1101","Yet meeting","true","8"
"1102","Plant moment turn know record","true","0"
"1103","Across that in produce them","false","5"
"1104","Nothing citizen place","false","5"
"1105","Hold dream economic job","true","9"
"1106","Above before ok you","false","2"
"1107","Defense church old best","false","9"
"1108","Buy politics management","true","0"
"1109","Which tonight song hot","true","2"
"1110","Operation fact follow plan least","true","8"
"1111","Responsibility culture worry","true","0"
"1112","Seven maintain determine turn","false","6"
"1113","Nice stand","false","7"
"1114","Base start","true","9"
"1115","New full its outside","true","8"
"1116","Statement window recent","true","0"
"1117","Picture him difficult we","true","10"
"1118","Health if family","true","0"
"1119","Box responsibility","false","8"
"1120","More order possible none peace","true","8"
"1121","Decade trade development subject","false","4"
"1122","Organization nature according point girl","true","6"
"1123","Choose environmental event cold everything","true","5"
"1124","May final poor avoid start","true","7"
"1125","Reduce citizen no","false","2"
"1126","Include majority","false","8"
"1127","Work every finish","false","7"
"1128","Present prevent","false","3"
"1129","May also trade environment","false","3"
"1130","Agent out require","true","1"
"1131","Reflect majority make safe","true","4"
"1132","Field building walk","true","2"
"1133","Prepare low situation","true","9"
"1134","Air late do voice","true","10"
"1135","Marriage member action agent near","true","0"
"1136","Though simply season","true","9"
"1137","Hard financial throughout","false","0"
"1138","Mention discover","false","10"
"1139","War outside","true","10"
"1140","Appear finally career option industry","false","8"
"1141","Young available manage run","true","0"
"1142","He list score approach American","true","6"
"1143","Again body","false","6"
"1144","Rather along billion product join","true","9"
"1145","Ten animal six north","true","6"
"1146","Create challenge evening","true","9"
"1147","Will approach","true","0"
"1148","Home just join oil","false","4"
"1149","Factor military family","true","7"
"1150","Born discussion result","true","1"
"1151","Area far strategy executive","true","9"
"1152","Color mouth north","true","7"
"1153","Focus purpose talk religious response","true","4"
"1154","According situation character always","false","9"
"1155","Establish discuss community fill","false","0"
"1156","Meet activity least capital","true","6"
"1157","Increase word piece company can","false","1"
"1158","Recently whose area","false","6"
"1159","First road significant loss development","true","5"
"1160","Class his standard form","true","9"
"1161","Approach still history usually set","false","8"
"1162","Herself mean","true","0"
"1163","Certainly away item professional","true","8"
"1164","Real good law","false","6"
"1165","Friend performance school arm","true","1"
"1166","Herself like alone","true","2"
"1167","May ahead really","true","3"
"1168","Art good expect","true","1"
"1169","Number Democrat every like","false","8"
"1170","American economy black while general","false","10"
"1171","Tough hope themselves different","true","0"
"1172","Benefit happen difficult","true","5"
"1173","Eight play nearly","true","0"
"1174","Sing individual allow contain","true","6"
"1175","Read see food","false","4"
"1176","Outside like shoulder cover factor","true","0"
"1177","Arrive size dog","true","10"
"1178","Above team several accept against","false","2"
"1179","Common its reach","true","4"
"1180","School serve perhaps","true","0"
"1181","Whatever skill method stop simply","false","10"
"1182","Treat machine once think agent","false","2"
"1183","Perform everything accept yourself","true","10"
"1184","Military carry","false","8"
"1185","Section voice so","false","8"
"1186","Time environment tough think","true","5"
"1187","Staff find everyone door","true","1"
"1188","Message but local","true","6"
"1189","Every game whole","true","5"
"1190","Little structure event young","true","3"
"1191","Around station set arrive","true","8"
"1192","Letter possible","false","9"
"1193","Ready continue sit executive","true","7"
"1194","Factor seat hospital","true","6"
"1195","Because common management open","true","9"
"1196","Fire maintain worry statement","false","8"
"1197","Finish likely do","false","2"
"1198","Whether rest enough","false","7"
"1199","Would bar town decide","true","3"
"1200","Both administration state record old","false","1"
"1201","Sing pay list once soon","false","9"
"1202","Future plant","false","5"
"1203","Feel hundred","false","9"
"1204","Special peace","false","0"
"1205","Bad with across","true","3"
"1206","Figure including hundred fire","false","10"
"1207","Serious well operation range full","false","0"
"1208","Window meeting","true","8"
"1209","Cultural but","true","2"
"1210","Heart play dog out four","false","9"
"1211","Natural building television go","true","6"
"1212","Suffer despite later","false","5"
"1213","Final career themselves either","false","0"
"1214","Much middle","true","7"
"1215","Sell science","false","9"
"1216","Attorney employee campaign subject","false","6"
"1217","Special that","true","10"
"1218","Concern form lawyer memory","true","2"
"1219","Real another rich","true","1"
"1220","Measure senior finally","false","5"
"1221","Follow society father everyone","false","10"
"1222","Place summer position wear treatment","false","8"
"1223","Policy growth shoulder","false","5"
"1224","Station stock will place","true","6"
"1225","Behind either move ready","false","0"
"1226","Cover economic anyone","false","1"
"1227","List run reduce","true","5"
"1228","Close economic bar","true","6"
"1229","Western suddenly reach","false","10"
"1230","Difficult cost sometimes side network","true","10"
"1231","Newspaper movement movement","false","5"
"1232","Them who catch","true","1"
"1233","Vote whom large","false","1"
"1234","Week down","true","4"
"1235","Voice with likely full recent","true","1"
"1236","Hard perhaps lay skin","true","10"
"1237","College dark","true","9"
"1238","Maybe computer challenge","false","3"
"1239","Prove recognize step site determine","true","5"
"1240","Short much condition Democrat friend","true","1"
"1241","Painting on worry","false","10"
"1242","Wait ahead","true","7"
"1243","Expert rather","false","2"
"1244","Decade argue information daughter","false","3"
"1245","Of music","true","7"
"1246","Not public within","true","0"
"1247","Wish give form","true","6"
"1248","City cut like","true","7"
"1249","Country human","true","1"
"1250","Smile either adult investment area","false","5"
"1251","Wonder camera involve before","false","2"
"1252","Technology low guy simply know","false","7"
"1253","Pretty teach race","true","0"
"1254","Body ever usually yes","true","7"
"1255","Space paper night","false","6"
"1256","Writer my hundred sea","true","6"
"1257","Money air media themselves","true","2"
"1258","Material realize rich","false","1"
"1259","Control president","false","3"
"1260","Or station smile rate top","false","7"
"1261","Then ability scene","false","1"
"1262","Phone truth resource","false","7"
"1263","Similar across true","false","3"
"1264","Better start","false","3"
"1265","Order assume be","true","7"
"1266","Say him would class side","false","4"
"1267","Administration design necessary allow floor","true","1"
"1268","Sport culture west","false","1"
"1269","Avoid computer","true","6"
"1270","Number Republican buy","false","6"
"1271","Unit quality sing","false","8"
"1272","Here movie admit stay","true","6"
"1273","Company world","true","5"
"1274","Business probably culture","false","4"
"1275","Develop behavior","true","10"
"1276","Goal too accept instead","false","2"
"1277","Plan old arrive whose","false","1"
"1278","Be rest top","true","5"
"1279","Power focus drug","false","8"
"1280","Loss far allow","true","8"
"1281","Evening son finish","true","3"
"1282","Table cut","true","5"
"1283","Its politics","true","10"
"1284","Work author","false","10"
"1285","Name industry base","false","4"
"1286","Call important before also","true","8"
"1287","Key identify reality occur","false","3"
"1288","Mean relate free","true","6"
"1289","Discuss point movement","true","4"
"1290","No event long that section","false","6"
"1291","Art soldier discover","false","3"
"1292","Answer sea receive","false","2"
"1293","Enter themselves size even lead","false","10"
"1294","Rich evidence music around","true","1"
"1295","Week research crime matter","false","1"
"1296","Section on","false","10"
"1297","Natural every","true","7"
"1298","Add rather scene Democrat","true","8"
"1299","Pm large leave","true","3"
"1300","Participant then full surface","false","1"
"1301","Nor section both between particular","true","5"
"1302","Try number close land","false","9"
"1303","Important sport realize everything","false","7"
"1304","Scene the since there yet","false","8"
"1305","Size task tell store","true","5"
"1306","Certainly story maybe","true","9"
"1307","Deal offer firm","true","7"
"1308","Prepare culture together","true","8"
"1309","She grow either level look","false","8"
"1310","Test through role face","true","4"
"1311","Song weight must","true","6"
"1312","Health dream discuss base we","true","5"
"1313","Garden often board reflect","true","7"
"1314","The set rise","false","6"
"1315","Type involve scene half","true","10"
"1316","Sometimes all couple","true","2"
"1317","Top body wall","true","8"
"1318","Shoulder decade pattern phone","true","3"
"1319","Commercial business","false","0"
"1320","Audience continue effort out nature","true","10"
"1321","Push sell beyond student","true","5"
"1322","Less eye stand purpose","true","7"
"1323","Among begin tend send","false","7"
"1324","Huge minute direction learn","false","9"
"1325","Rise suggest now","true","2"
"1326","Yard direction technology onto","false","3"
"1327","Sure certainly four several","true","5"
"1328","Effect consider blue open","true","2"
"1329","Foot back about painting","false","5"
"1330","Section take choose inside human","true","8"
"1331","Few country but","true","3"
"1332","Project again","false","10"
"1333","Whatever involve building seek space","true","1"
"1334","Able light site class","true","4"
"1335","Science interview kitchen","true","0"
"1336","Join land natural discussion expect","true","10"
"1337","Check yard better material","true","8"
"1338","End agent talk","true","10"
"1339","Fund rest relate","true","0"
"1340","Goal affect himself","false","6"
"1341","Safe reveal after","true","7"
"1342","Push painting whole","false","4"
"1343","Activity own few service","false","5"
"1344","Well practice letter","false","8"
"1345","Exactly case certainly big concern","true","8"
"1346","Yet girl development program investment","false","8"
"1347","President question world data effort","true","1"
"1348","Piece line space","true","10"
"1349","Eight sister party","false","4"
"1350","Particularly safe guess hard","true","8"
"1351","All own type television","false","8"
"1352","Art people","false","3"
"1353","Hot right never","true","8"
"1354","Crime something not day","true","1"
"1355","Will ask pretty behavior book","false","9"
"1356","Response lay response within","false","6"
"1357","Computer power raise visit early","true","1"
"1358","Trip big mother lot range","true","6"
"1359","Save sport sound","true","8"
"1360","Something country include","false","0"
"1361","Thing program everyone large close","false","2"
"1362","North far practice","false","7"
"1363","Be before","false","5"
"1364","Official decade","true","0"
"1365","Cultural center while north","true","1"
"1366","Office security significant","false","1"
"1367","Even direction police","false","9"
"1368","Create chance police","true","2"
"1369","Movie eye play forget","false","10"
"1370","Cover box sometimes degree","true","9"
"1371","Son them yourself product no","true","5"
"1372","Least pass player","false","7"
"1373","Line fish put","true","8"
"1374","Thing raise","true","7"
"1375","Big without","false","10"
"1376","Process deal without party","true","3"
"1377","Poor girl quite","true","9"
"1378","Thing run foreign floor","false","8"
"1379","Know executive address","false","0"
"1380","List sell music himself","false","6"
"1381","Budget us","false","0"
"1382","Bad never may human","true","2"
"1383","Hit eye minute","false","4"
"1384","Thus worry say certain","false","8"
"1385","Share fish meeting item","true","10"
"1386","Agency however around","false","10"
"1387","Knowledge language believe change","false","9"
"1388","Total stuff determine million","true","4"
"1389","Industry hold","true","7"
"1390","Appear offer important","false","5"
"1391","Where research all","true","5"
"1392","Themselves have professional yes","false","6"
"1393","Tough step color","false","9"
"1394","Fine interesting down","true","2"
"1395","Simple soldier difficult technology","true","7"
"1396","Page customer know will","false","10"
"1397","Office wide read window","true","2"
"1398","According second order close","false","9"
"1399","Opportunity color you book","false","9"
"1400","May drug change over","true","7"
"1401","First read wear theory important","true","1"
"1402","Job power from not","true","5"
"1403","Model strategy establish again","true","8"
"1404","Past picture community event","false","0"
"1405","Force pass","true","0"
"1406","Their station save","true","8"
"1407","Already these growth never machine","true","1"
"1408","Responsibility news knowledge employee","false","9"
"1409","Yes tree crime","false","4"
"1410","Skin these these laugh","true","7"
"1411","Water sort important determine","false","1"
"1412","Place tough new","true","7"
"1413","Relate wide little","false","0"
"1414","Hope common thought","false","5"
"1415","Me protect toward ok trade","true","9"
"1416","Use trip recognize","true","9"
"1417","So able","false","5"
"1418","Book without anyone often","false","4"
"1419","At woman politics","false","4"
"1420","After skin her church","true","5"
"1421","Yeah provide","true","0"
"1422","Country relationship","true","5"
"1423","Production form","true","5"
"1424","Short decide","false","10"
"1425","Base audience throughout win way","false","2"
"1426","Nearly enjoy nearly time","true","2"
"1427","Rich discussion","false","8"
"1428","Contain step herself","false","5"
"1429","Area suggest own garden five","false","4"
"1430","Yet or fight PM church","true","3"
"1431","View how response city","false","7"
"1432","Former face","false","10"
"1433","Fast also","true","9"
"1434","Two region number both","true","7"
"1435","Nation position contain","false","7"
"1436","New in","true","0"
"1437","Also get","false","4"
"1438","Onto sing nearly family issue","false","0"
"1439","Close compare eight","false","3"
"1440","Seek us strong","false","0"
"1441","Trouble make","true","2"
"1442","Agree memory voice off","false","2"
"1443","Imagine accept stock area","true","0"
"1444","Notice activity main","true","4"
"1445","Modern writer along wrong say","false","2"
"1446","Might each beautiful","false","10"
"1447","Opportunity between nation","false","4"
"1448","Head someone if throw","false","10"
"1449","Example idea fast","false","2"
"1450","Seat collection face stuff","true","5"
"1451","Listen assume","false","1"
"1452","Two necessary a after","true","6"
"1453","Many ready according be","true","9"
"1454","Easy key type","false","2"
"1455","Serve significant choose serious","false","3"
"1456","Mission argue","true","10"
"1457","Raise much nature scene","false","9"
"1458","But kind stand","false","5"
"1459","Tv build unit","true","7"
"1460","Off generation","true","0"
"1461","Base suddenly support","true","7"
"1462","Happy PM finally","true","5"
"1463","Skin building front","false","0"
"1464","Experience event significant take certainly","false","6"
"1465","Must side grow try history","false","0"
"1466","Usually growth step","false","7"
"1467","Put total inside","false","8"
"1468","Them me couple each necessary","true","9"
"1469","Box both","false","2"
"1470","Nature Democrat case medical","true","3"
"1471","Station should rest","true","8"
"1472","Game add visit upon value","false","2"
"1473","Range ask friend","true","8"
"1474","Factor protect hold type might","false","5"
"1475","Return middle plant language","false","1"
"1476","Fast machine around small instead","false","8"
"1477","Agent nice physical","true","1"
"1478","Approach dream guess director lay","false","2"
"1479","Raise bed class","true","1"
"1480","Interest attention whole writer","true","4"
"1481","Race customer local side necessary","true","9"
"1482","New write","false","3"
"1483","Feel step region Congress","true","9"
"1484","Occur let your the","true","9"
"1485","Easy TV feeling rate","false","8"
"1486","Not talk drug","false","7"
"1487","Full relate course several","false","4"
"1488","Federal with notice","true","5"
"1489","Exactly same win kid","true","6"
"1490","Window find it world decide","false","0"
"1491","Room every film","false","8"
"1492","Tonight black where turn tonight","false","2"
"1493","Treatment big money","true","6"
"1494","Whether member late mean","true","7"
"1495","His sister suddenly","false","4"
"1496","Wrong final though material","true","1"
"1497","Often animal wife","false","9"
"1498","Capital outside","false","3"
"1499","Per husband provide social","false","9"
"1500","Base investment throughout","true","5"
"1501","Six investment husband","false","10"
"1502","Tell tax scientist task","false","0"
"1503","Some eat yard too general","true","8"
"1504","Paper remember almost remain","true","10"
"1505","Low since dinner","false","5"
"1506","Age audience policy amount","true","0"
"1507","Quite if bill","true","6"
"1508","Cold affect woman","true","4"
"1509","Truth identify between executive amount","false","3"
"1510","Baby nation","false","2"
"1511","Rise follow speak","false","4"
"1512","Gun peace though","true","8"
"1513","Nation evidence size total bring","true","6"
"1514","Generation music indicate","true","0"
"1515","Staff listen recent of seat","true","4"
"1516","Fly site decade affect","false","2"
"1517","Sport conference smile lead happen","false","5"
"1518","Dark raise down thing","false","6"
"1519","Cost space him grow","true","9"
"1520","People yet resource","true","2"
"1521","Garden claim bill us know","false","10"
"1522","Skin occur institution","false","0"
"1523","Bit possible common","false","6"
"1524","Community loss Democrat heart","true","7"
"1525","Every peace whose","true","5"
"1526","Plan them section next in","false","4"
"1527","Left provide rule man","false","5"
"1528","Heart doctor test feel","false","3"
"1529","Knowledge nice over","true","1"
"1530","Career different phone career","false","8"
"1531","Stage family easy","true","8"
"1532","Open usually","false","7"
"1533","Foreign and various","false","2"
"1534","Score store store quite","true","5"
"1535","Throughout suggest this","false","3"
"1536","Alone owner that","false","10"
"1537","Daughter center lay","false","7"
"1538","Exactly guy instead","false","8"
"1539","Company approach change care","false","7"
"1540","Friend environment new cultural","true","2"
"1541","Idea series back","false","7"
"1542","Five officer firm","true","0"
"1543","Both north fly","true","2"
"1544","Whole second your assume","true","0"
"1545","Although establish","false","9"
"1546","Store significant","true","8"
"1547","Decade art movement college purpose","false","8"
"1548","Democrat field money white","false","1"
"1549","Outside from meeting discussion","false","6"
"1550","National weight air west","true","3"
"1551","Charge simply hold fight","false","5"
"1552","Election feeling continue image","false","3"
"1553","Though give hand","false","10"
"1554","Capital pay","true","5"
"1555","About support","true","9"
"1556","Author nothing sound event spend","true","6"
"1557","Run deep same","true","5"
"1558","Film moment act","true","1"
"1559","Page unit center","false","3"
"1560","Move someone","false","5"
"1561","Program five receive","true","5"
"1562","Discover protect American piece","true","8"
"1563","Have able protect how","true","0"
"1564","Artist very","false","8"
"1565","Try on commercial","false","9"
"1566","Produce most generation","false","8"
"1567","Nature nature learn billion","true","10"
"1568","Former throughout forward tree rule","false","4"
"1569","Four police current","false","2"
"1570","Major nice attorney language not","false","5"
"1571","Few radio interest","false","1"
"1572","Drop research","true","0"
"1573","Side whole part indeed soon","true","6"
"1574","Enjoy occur","false","8"
"1575","Teacher strategy","false","3"
"1576","Pay require bank through ever","true","4"
"1577","Itself candidate","false","0"
"1578","Affect record","true","2"
"1579","Usually listen most believe","false","4"
"1580","Else into chair affect","true","0"
"1581","Price important all","true","8"
"1582","Oil about mention","true","8"
"1583","Single look piece","true","9"
"1584","Really process","true","10"
"1585","Structure as officer machine","false","4"
"1586","Government leave direction","true","9"
"1587","Just degree","false","1"
"1588","Similar allow rate","false","10"
"1589","When across","true","1"
"1590","President level drug","true","2"
"1591","Everybody sign little debate","false","6"
"1592","Single term","true","1"
"1593","Win bad","false","5"
"1594","Different bar successful significant","true","3"
"1595","Vote theory maintain","false","8"
"1596","Individual wall bed","false","3"
"1597","Total likely such","true","7"
"1598","Ten inside career scene","false","7"
"1599","Other produce campaign","false","4"
"1600","Dog decide daughter purpose light","false","0"
"1601","Could which","true","4"
"1602","Together prevent mind card number","false","5"
"1603","Happy place particular","false","9"
"1604","Have policy town relate most","true","5"
"1605","Anyone performance up evidence mind","false","6"
"1606","People various","true","3"
"1607","Purpose whole use","true","2"
"1608","Huge operation new","false","2"
"1609","Cell participant fight man","true","3"
"1610","Product community son moment","false","9"
"1611","Development red nature my who","false","8"
"1612","Become situation perform","true","6"
"1613","He probably skin ready","false","10"
"1614","Find them civil","false","8"
"1615","Walk least charge","false","1"
"1616","Himself central modern","true","3"
"1617","Mrs film medical money","true","7"
"1618","Film he perform right discover","false","3"
"1619","Discuss full","true","9"
"1620","Stage material training","true","1"
"1621","Early cold affect risk","false","1"
"1622","We behavior safe stop cold","false","3"
"1623","Camera final degree","true","2"
"1624","About eye piece","true","0"
"1625","Raise than door","false","4"
"1626","Must sit maintain feel","true","0"
"1627","Man happy night","false","4"
"1628","Wonder cost necessary","true","8"
"1629","Degree trial","false","4"
"1630","Decide sell magazine even PM","true","9"
"1631","Wonder until skill century","true","10"
"1632","Central camera new","false","2"
"1633","Exist read clearly","false","7"
"1634","Without wind","false","6"
"1635","Miss into radio figure","false","9"
"1636","Dark institution","true","1"
"1637","Pay support base arm protect","true","2"
"1638","Expect far take hold","false","4"
"1639","Would take inside research her","true","8"
"1640","Key commercial couple piece especially","true","6"
"1641","Remember may","false","7"
"1642","Health chair morning hold","false","0"
"1643","Kind moment themselves international","false","7"
"1644","Opportunity against dog start","false","8"
"1645","Street record but instead back","false","10"
"1646","Them wish learn edge","true","8"
"1647","Reason medical sign step","true","5"
"1648","Ground center notice trial task","true","7"
"1649","Future wait cut","true","4"
"1650","Add suffer","false","7"
"1651","New street line usually","true","6"
"1652","Unit skill","false","1"
"1653","Everybody increase","true","6"
"1654","Fine for mention","true","2"
"1655","Common those social your","true","5"
"1656","Chance statement those whether","true","4"
"1657","President play hard could","false","1"
"1658","Break painting budget Congress","true","2"
"1659","It head popular great","true","7"
"1660","Different commercial model","true","3"
"1661","We she page reach","true","2"
"1662","Most successful modern despite seat","true","1"
"1663","Away trouble evening","false","0"
"1664","Police every management difficult","false","9"
"1665","As police total sound experience","true","5"
"1666","Seven group think","false","9"
"1667","Third never","false","9"
"1668","Upon suddenly travel while","false","9"
"1669","Standard daughter Mr impact","true","2"
"1670","Natural security","true","1"
"1671","Country dream","false","1"
"1672","Use place score kitchen","true","0"
"1673","Wall social student relationship","true","6"
"1674","Physical candidate stage practice","true","10"
"1675","Study late","true","7"
"1676","Natural win laugh ever","false","1"
"1677","Test new sing size","true","6"
"1678","Attention expect similar must glass","true","9"
"1679","Now sport tough mission speak","true","6"
"1680","Effort find cultural with","true","1"
"1681","Though rich","false","3"
"1682","Believe exactly","true","2"
"1683","Choice summer action","true","0"
"1684","Long maybe number think","false","8"
"1685","Black represent wall","false","1"
"1686","In television music","false","8"
"1687","Quite little project outside","true","9"
"1688","Car throughout hand wish","false","3"
"1689","Standard control number","false","0"
"1690","Her position particularly","true","3"
"1691","Second way","false","2"
"1692","Woman season woman management","false","5"
"1693","Identify property","true","9"
"1694","Conference walk road camera it","false","2"
"1695","Rule alone name","false","4"
"1696","Plan view crime","false","8"
"1697","Rule it discuss return heavy","true","8"
"1698","Key least performance","true","1"
"1699","Camera the then certainly federal","true","8"
"1700","However office phone five piece","false","6"
"1701","Weight significant feeling","true","6"
"1702","Than his reduce","true","9"
"1703","Design direction look","true","10"
"1704","Lot will other describe organization","false","7"
"1705","War expect game stage","false","1"
"1706","Require official rule billion feel","false","1"
"1707","Join party experience","true","5"
"1708","None health","false","5"
"1709","Seat lot behavior movement","false","1"
"1710","Network little along staff behavior","true","6"
"1711","Voice author democratic section","true","4"
"1712","Garden fast happy when","true","6"
"1713","Production several magazine sign act","false","7"
"1714","Short medical past water","false","4"
"1715","President thought","false","6"
"1716","Hear view interesting","false","4"
"1717","Surface add age","true","2"
"1718","Control foot present","false","5"
"1719","Draw per fight role peace","true","0"
"1720","Candidate total grow","true","6"
"1721","President establish argue","true","9"
"1722","Fill short attack would","true","0"
"1723","After beyond","false","7"
"1724","Model usually lawyer reach later","false","6"
"1725","Democrat step home hotel put","false","0"
"1726","None foot affect","false","2"
"1727","One leader space","false","10"
"1728","Word memory half","true","5"
"1729","Agent today","false","1"
"1730","Apply mission fear","false","2"
"1731","Fill arrive ready","false","6"
"1732","Natural clearly remain","true","1"
"1733","New for people wide live","true","10"
"1734","Experience agency","false","1"
"1735","Attack teacher interest","false","5"
"1736","After son include","false","2"
"1737","Town guy them","true","9"
"1738","Sell until data","true","3"
"1739","She need","false","1"
"1740","Affect throw save against","true","3"
"1741","Southern west hit take","true","6"
"1742","Shake environment stand","true","3"
"1743","Republican inside continue break","true","8"
"1744","Growth quite","false","3"
"1745","Wear hospital whose past we","false","2"
"1746","Better trade should","true","10"
"1747","Away across","false","10"
"1748","News information physical","true","1"
"1749","Imagine fine center have","false","1"
"1750","Evening fire phone","false","10"
"1751","Child red international","true","0"
"1752","Growth who performance","false","4"
"1753","Investment south send entire","true","9"
"1754","Would put","true","6"
"1755","Use best heart whose generation","true","3"
"1756","Center quite there","true","3"
"1757","Take too lose describe","true","6"
"1758","Test sport reality box","false","7"
"1759","Class far city early","false","8"
"1760","Bit lead later let","true","2"
"1761","Poor chair treatment","false","1"
"1762","Modern move head represent","false","6"
"1763","Cup general civil","false","8"
"1764","Turn with","true","3"
"1765","Hundred doctor sister every","false","5"
"1766","Ago year forward","false","4"
"1767","Skin bank approach discuss","true","0"
"1768","Room interest","false","5"
"1769","Quite rule reality happen","true","5"
"1770","Second series condition","true","10"
"1771","Town something space store party","true","2"
"1772","Bank stock bank agree","true","0"
"1773","Imagine when more where total","false","7"
"1774","New yes question stock","true","1"
"1775","Defense would until","false","8"
"1776","Check if protect","false","2"
"1777","Democrat final keep environment","false","10"
"1778","Yet shake will","false","9"
"1779","Commercial street ahead","false","1"
"1780","Draw suffer behind improve","false","1"
"1781","More air big land","true","8"
"1782","Beat population conference","true","0"
"1783","Charge leg laugh realize black","false","1"
"1784","Positive option serious","false","9"
"1785","Make left candidate quickly","true","10"
"1786","Any church hear get","true","1"
"1787","Serious value three us game","false","10"
"1788","But keep near","false","4"
"1789","Prepare third","false","9"
"1790","Perform daughter organization star","true","0"
"1791","Building require start","true","8"
"1792","Across anyone customer letter wife","true","9"
"1793","Whom ago all ask analysis","false","2"
"1794","Just employee part central","true","3"
"1795","Owner million very","false","5"
"1796","Tell edge base professor","true","10"
"1797","Leave particular strong","false","5"
"1798","They maybe consider","false","7"
"1799","Huge direction whole","false","1"
"1800","Worry necessary worry huge","false","3"
"1801","Personal certain son","true","8"
"1802","Commercial capital seek give","false","0"
"1803","President travel never red","true","0"
"1804","View around above argue black","true","3"
"1805","Southern dark industry red","true","8"
"1806","Matter billion popular including","false","5"
"1807","Medical start fact","false","8"
"1808","Month happen feeling compare","true","9"
"1809","Word none trial focus serve","false","6"
"1810","Age through make than","false","5"
"1811","Religious trade hotel full morning","false","1"
"1812","That child political former","true","7"
"1813","Project factor study","true","4"
"1814","Through adult interesting operation","false","2"
"1815","Worry explain","false","3"
"1816","Option himself development any","false","0"
"1817","Must cup","false","10"
"1818","Either social person would rule","false","1"
"1819","Image thought season score particular","false","8"
"1820","Those collection answer","false","1"
"1821","Help reflect health","false","9"
"1822","Hear be","true","8"
"1823","Arrive hospital of community so","false","9"
"1824","Minute seek make","false","3"
"1825","It however option","true","3"
"1826","Between use think in","false","0"
"1827","Purpose inside arrive yes store","false","9"
"1828","Quality military","false","10"
"1829","Life field well","true","4"
"1830","Police put decade us fear","true","7"
"1831","Manager road","true","3"
"1832","Unit thousand manage wall","false","9"
"1833","Factor let west","false","0"
"1834","Wide ever resource","false","7"
"1835","People provide garden minute measure","false","8"
"1836","Entire skill professor expect","true","9"
"1837","Art visit","false","4"
"1838","Respond dark lawyer agreement ahead","false","0"
"1839","Fear book reality human","false","10"
"1840","Top for treat blue though","true","8"
"1841","Then send woman medical","false","0"
"1842","Get tell bit account across","false","8"
"1843","Moment management research","false","9"
"1844","Medical keep","false","9"
"1845","Rule affect toward measure","false","8"
"1846","Attack edge help","true","2"
"1847","Notice spring money compare some","false","9"
"1848","Mention focus expect","false","9"
"1849","Effort treatment win senior modern","false","2"
"1850","Mouth teacher care","false","5"
"1851","Common sell building century determine","true","1"
"1852","I gun hour push onto","false","0"
"1853","Role country appear eye scientist","false","9"
"1854","Music call","false","8"
"1855","Game item soon","false","6"
"1856","How save","false","9"
"1857","Maintain amount young","true","10"
"1858","Type or compare","true","0"
"1859","Political forward nearly former","false","2"
"1860","Per visit from","false","4"
"1861","Should part","false","2"
"1862","Young decision shoulder which deal","false","6"
"1863","Son customer boy rule","false","6"
"1864","Human individual grow whether","true","0"
"1865","Carry already whom","false","9"
"1866","During water girl","false","1"
"1867","Or fish","true","3"
"1868","Executive training might why agent","false","1"
"1869","Rate rise discover family property","false","0"
"1870","Section area worry","true","3"
"1871","Unit owner pretty","true","10"
"1872","Increase yard identify nothing difficult","true","4"
"1873","Market security organization","false","10"
"1874","Rest believe final","false","2"
"1875","Anything room parent activity break","false","10"
"1876","Spend consumer","false","0"
"1877","Successful right address beat","false","2"
"1878","Order argue military","true","2"
"1879","Professional also","false","4"
"1880","Nothing size","true","0"
"1881","Measure bed show","false","6"
"1882","Area bed population","false","8"
"1883","Early simple not","false","3"
"1884","Happy spring seek second still","true","6"
"1885","Argue up two lead","false","3"
"1886","Not far per science its","false","8"
"1887","Half bit none degree firm","false","9"
"1888","Every learn begin coach","false","2"
"1889","Sense evidence leader better","true","2"
"1890","Just serve ball area","true","5"
"1891","Ten area voice part","true","9"
"1892","Form key hold rate role","false","5"
"1893","Author anything though accept heart","false","3"
"1894","Person information","false","3"
"1895","In tax where","true","7"
"1896","Direction media professor tax across","true","3"
"1897","Long change and","false","4"
"1898","Defense red nor customer","true","1"
"1899","Happen sit marriage under","true","10"
"1900","Miss culture","true","6"
"1901","Window area simple my design","true","5"
"1902","Painting we serve interest now","false","3"
"1903","Left report to","true","2"
"1904","Pick party","false","8"
"1905","Commercial one I seven","true","5"
"1906","Above other start law young","true","9"
"1907","Forward player music music drug","true","5"
"1908","From table","true","7"
"1909","Hundred step dinner produce","false","6"
"1910","Theory suggest","true","3"
"1911","Upon produce state moment","false","1"
"1912","Federal both positive by","false","0"
"1913","Enjoy situation shake color","true","10"
"1914","Yes career huge","true","6"
"1915","Yourself play today","true","5"
"1916","Fact end social leg","true","0"
"1917","National opportunity practice call","true","4"
"1918","Enough fast first","true","7"
"1919","Born break","true","4"
"1920","Political assume ball grow","false","0"
"1921","Pressure billion","false","4"
"1922","Give yard","true","6"
"1923","Full big order down","true","4"
"1924","By should","false","2"
"1925","Capital open food","false","6"
"1926","American thought go","false","7"
"1927","Black various thank look","false","4"
"1928","High high hit point thousand","true","7"
"1929","Rest visit year doctor","false","0"
"1930","International really foreign task relate","true","10"
"1931","Everything foot service","true","4"
"1932","Actually possible middle great artist","false","7"
"1933","Model change traditional","true","1"
"1934","Near project serve difference","false","5"
"1935","Manager she sign hear college","true","5"
"1936","Result television everyone check check","true","2"
"1937","Outside use","true","4"
"1938","Want quite scientist bit","false","9"
"1939","So part","false","0"
"1940","Election bad care approach own","false","1"
"1941","Energy actually son listen federal","true","8"
"1942","Inside on increase TV room","true","1"
"1943","Memory from region","false","7"
"1944","Resource alone quickly","false","7"
"1945","Actually later good","false","8"
"1946","Carry list rich when develop","false","6"
"1947","Much even begin","false","7"
"1948","Every family store central","true","8"
"1949","One a president","true","7"
"1950","Very all sign rather","true","7"
"1951","Bit moment old simply indicate","false","3"
"1952","Sea nothing","false","7"
"1953","Civil son","false","10"
"1954","Manage practice religious","false","0"
"1955","Simple such campaign computer","true","10"
"1956","Generation race","true","4"
"1957","Possible huge","false","5"
"1958","Put forget","false","10"
"1959","Relationship power begin force thought","false","7"
"1960","And outside present","false","8"
"1961","Marriage owner film southern","true","8"
"1962","Deep service try himself","false","5"
"1963","Contain art wide","true","8"
"1964","Real decade join produce","false","6"
"1965","Almost free wrong","false","9"
"1966","Must medical history","false","10"
"1967","Could good","true","2"
"1968","Thousand truth open important","false","2"
"1969","Community wrong","false","3"
"1970","Beat happen to black","true","1"
"1971","Finish effort cause","false","9"
"1972","At campaign","false","0"
"1973","Officer clearly practice main lead","true","7"
"1974","Democrat participant PM","true","6"
"1975","Need wind","true","3"
"1976","Eight image rule","true","2"
"1977","Control not health","true","4"
"1978","Shoulder few party store field","false","1"
"1979","Painting himself shake way","true","1"
"1980","Only member for popular summer","true","2"
"1981","Want spring stop","true","3"
"1982","Consider bag under whether","false","5"
"1983","Contain back","true","0"
"1984","Onto strong work","true","6"
"1985","Pressure local north discover apply","true","5"
"1986","Thus inside add","true","2"
"1987","Child ball none could","false","4"
"1988","Hear those president finish","false","4"
"1989","Tv issue history animal authority","true","4"
"1990","Door election at","false","1"
"1991","Couple check now property understand","false","5"
"1992","Each else any","true","4"
"1993","Somebody discussion various take with","true","2"
"1994","Man especially radio southern","true","6"
"1995","Left born work second","true","4"
"1996","Change democratic","false","3"
"1997","Wall even","true","1"
"1998","Technology may member control","false","1"
"1999","Occur whether project","true","7"
